,,,Walmart,702 S.W. Eighth St.,Bentonville,Arkansas,72716,,
,,,Exxon Mobil,5959 Las Colinas Blvd.,Irving,Texas,75039,,
,,,Chevron,6001 Bollinger Canyon Rd.,San Ramon,California,94583,,
,,,Berkshire Hathaway,3555 Farnam St.,Omaha,Nebraska,68131,,
,,,Apple,1 Infinite Loop,Cupertino,California,95014,,
,,,General Motors,300 Renaissance Center,Detroit,Michigan,48265,,
,,,Phillips 66,3010 Briarpark Dr.,Houston,Texas,77042,,
,,,General Electric,3135 Easton Turnpike,Fairfield,Connecticut,6828,,
,,,Ford Motor,1 American Rd.,Dearborn,Michigan,48126,,
,,,CVS Health,1 CVS Dr.,Woonsocket,Rhode Island,2895,,
,,,McKesson,1 Post St.,San Francisco,California,94104,,
,,,AT&T,208 S. Akard St.,Dallas,Texas,75202,,
,,,Valero Energy,1 Valero Way,San Antonio,Texas,78249,,
,,,UnitedHealth Group,9900 Bren Rd. E.,Minnetonka,Minnesota,55343,,
,,,Verizon,140 West St.,New York,New York,10007,,
,,,AmerisourceBergen,1300 Morris Dr.,Chesterbrook,Pennsylvania,19087,,
,,,Fannie Mae,3900 Wisconsin Ave. N.W.,Washington,District of Columbia,20016,,
,,,Costco,999 Lake Dr.,Issaquah,Washington,98027,,
,,,HP,3000 Hanover St.,Palo Alto,California,94304,,
,,,Kroger,1014 Vine St.,Cincinnati,Ohio,45202,,
,,,JP Morgan Chase,270 Park Ave.,New York,New York,10017,,
,,,Express Scripts Holding,1 Express Way,St. Louis,Missouri,63121,,
,,,Bank of America Corp.,100 N. Tryon St.,Charlotte,North Carolina,28255,,
,,,IBM,1 New Orchard Rd.,Armonk,New York,10504,,
,,,Marathon Petroleum,539 S. Main St.,Findlay,Ohio,45840,,
,,,Cardinal Health,7000 Cardinal Place,Dublin,Ohio,43017,,
,,,Boeing,100 N. Riverside Plaza,Chicago,Illinois,60606,,
,,,Citigroup,399 Park Ave.,New York,New York,10022,,
,,,Amazon.com,410 Terry Ave. N.,Seattle,Washington,98109,,
,,,Wells Fargo,420 Montgomery St.,San Francisco,California,94163,,
,,,Microsoft,1 Microsoft Way,Redmond,Washington,98052,,
,,,Procter & Gamble,1 Procter & Gamble Plaza,Cincinnati,Ohio,45202,,
,,,Home Depot,2455 Paces Ferry Rd. N.W.,Atlanta,Georgia,30339,,
,,,Archer Daniels Midland,4666 Faries Pkwy.,Decatur,Illinois,62526,,
,,,Walgreens,108 Wilmot Rd.,Deerfield,Illinois,60015,,
,,,Target,1000 Nicollet Mall,Minneapolis,Minnesota,55403,,
,,,Johnson & Johnson,1 Johnson & Johnson Plaza,New Brunswick,New Jersey,8933,,
,,,Anthem,120 Monument Circle,Indianapolis,Indiana,46204,,
,,,MetLife,200 Park Ave.,New York,New York,10166,,
,,,Google,1600 Amphitheatre Pkwy.,Mountain View,California,94043,,
,,,State Farm Insurance Cos.,1 State Farm Plaza,Bloomington,Illinois,61710,,
,,,Freddie Mac,8200 Jones Branch Dr.,McLean,Virginia,22102,,
,,,Comcast,1 Comcast Center,Philadelphia,Pennsylvania,19103,,
,,,PepsiCo,700 Anderson Hill Rd.,Purchase,New York,10577,,
,,,United Technologies,1 Financial Plaza,Hartford,Connecticut,6101,,
,,,AIG,175 Water St.,New York,New York,10038,,
,,,UPS,55 Glenlake Pkwy. N.E.,Atlanta,Georgia,30328,,
,,,Dow Chemical,2030 Dow Center,Midland,Michigan,48674,,
,,,Aetna,151 Farmington Ave.,Hartford,Connecticut,6156,,
,,,Lowe's,1000 Lowe's Blvd.,Mooresville,North Carolina,28117,,
,,,ConocoPhillips,600 N. Dairy Ashford St.,Houston,Texas,77079,,
,,,Intel,2200 Mission College Blvd.,Santa Clara,California,95054,,
,,,Energy Transfer Equity,3738 Oak Lawn Ave.,Dallas,Texas,75219,,
,,,Caterpillar,100 N.E. Adams St.,Peoria,Illinois,61629,,
,,,Prudential Financial,751 Broad St.,Newark,New Jersey,7102,,
,,,Pfizer,235 E. 42nd St.,New York,New York,10017,,
,,,Disney,500 S. Buena Vista St.,Burbank,California,91521,,
,,,Humana,500 W. Main St.,Louisville,Kentucky,40202,,
,,,Enterprise Products Partners,1100 Louisiana St.,Houston,Texas,77002,,
,,,Cisco Systems,170 W. Tasman Dr.,San Jose,California,95134,,
,,,Sysco,1390 Enclave Pkwy.,Houston,Texas,77077,,
,,,Ingram Micro,1600 E. St. Andrew Place,Santa Ana,California,92705,,
,,,Coca-Cola,1 Coca-Cola Plaza,Atlanta,Georgia,30313,,
,,,Lockheed Martin,6801 Rockledge Dr.,Bethesda,Maryland,20817,,
,,,FedEx,942 S. Shady Grove Rd.,Memphis,Tennessee,38120,,
,,,Johnson Controls,5757 N. Green Bay Ave.,Milwaukee,Wisconsin,53209,,
,,,Plains GP Holdings,333 Clay St.,Houston,Texas,77002,,
,,,World Fuel Services,9800 N.W. 41st St.,Miami,Florida,33178,,
,,,CHS,5500 Cenex Dr.,Inver Grove Height,Minnesota,55077,,
,,,American Airlines Group,4333 Amon Carter Blvd.,Fort Worth,Texas,76155,,
,,,Merck,1 Merck Dr.,Whitehouse Station,New Jersey,8889,,
,,,Best Buy,7601 Penn Ave. S.,Richfield,Minnesota,55423,,
,,,Delta Air Lines,1030 Delta Blvd.,Atlanta,Georgia,30354,,
,,,Honeywell International,101 Columbia Rd.,Morris Township,New Jersey,7962,,
,,,HCA Holdings,1 Park Plaza,Nashville,Tennessee,37203,,
,,,Goldman Sachs Group,200 West St.,New York,New York,10282,,
,,,Tesoro,19100 Ridgewood Pkwy.,San Antonio,Texas,78259,,
,,,Liberty Mutual Insurance Group,175 Berkeley St.,Boston,Massachusetts,2116,,
,,,United Continental Holdings,233 S. Wacker Dr.,Chicago,Illinois,60606,,
,,,New York Life Insurance,51 Madison Ave.,New York,New York,10010,,
,,,Oracle,500 Oracle Pkwy.,Redwood City,California,94065,,
,,,Morgan Stanley,1585 Broadway,New York,New York,10036,,
,,,Tyson Foods,2200 Don Tyson Pkwy.,Springdale,Arkansas,72762,,
,,,Safeway,5918 Stoneridge Mall Rd.,Pleasanton,California,94588,,
,,,Nationwide,1 Nationwide Blvd.,Columbus,Ohio,43215,,
,,,Deere,1 John Deere Place,Moline,Illinois,61265,,
,,,DuPont,1007 Market St.,Wilmington,Delaware,19898,,
,,,American Express,200 Vesey St.,New York,New York,10285,,
,,,Allstate,2775 Sanders Rd.,Northbrook,Illinois,60062,,
,,,Cigna,900 Cottage Grove Rd.,Bloomfield,Connecticut,6002,,
,,,Mondelez International,3 Pkwy. N.,Deerfield,Illinois,60015,,
,,,TIAA-CREF,730 Third Ave.,New York,New York,10017,,
,,,INTL FCStone,708 Third Ave.,New York,New York,10017,,
,,,Massachusetts Mutual Life Insur,1295 State St.,Springfield,Massachusetts,1111,,
,,,DirecTV,2260 E. Imperial Hwy.,El Segundo,California,90245,,
,,,Halliburton,3000 N. Sam Houston Pkwy E.,Houston,Texas,77032,,
,,,Twenty-First Century Fox,1211 Ave. of the Americas,New York,New York,10036,,
,,,3M,3M Center,St. Paul,Minnesota,55144,,
,,,Sears Holdings,3333 Beverly Rd.,Hoffman Estates,Illinois,60179,,
,,,General Dynamics,2941 Fairview Park Dr.,Falls Church,Virginia,22042,,
,,,Publix Super Markets,3300 Publix Corporate Pkwy.,Lakeland,Florida,33811,,
,,,Philip Morris International,120 Park Ave.,New York,New York,10017,,
,,,TJX,770 Cochituate Rd.,Framingham,Massachusetts,1701,,
,,,Time Warner,1 Time Warner Center,New York,New York,10019,,
,,,Macy's,7 W. Seventh St.,Cincinnati,Ohio,45202,,
,,,Nike,1 Bowerman Dr.,Beaverton,Oregon,97005,,
,,,Tech Data,5350 Tech Data Dr.,Clearwater,Florida,33760,,
,,,Avnet,2211 S. 47th St.,Phoenix,Arizona,85034,,
,,,Northwestern Mutual,720 E. Wisconsin Ave.,Milwaukee,Wisconsin,53202,,
,,,McDonald's,1 McDonald's Plaza,Oak Brook,Illinois,60523,,
,,,Exelon,10 S. Dearborn St.,Chicago,Illinois,60603,,
,,,Travelers Cos.,485 Lexington Ave.,New York,New York,10017,,
,,,Qualcomm,5775 Morehouse Dr.,San Diego,California,92121,,
,,,International Paper,6400 Poplar Ave.,Memphis,Tennessee,38197,,
,,,Occidental Petroleum,10889 Wilshire Blvd.,Los Angeles,California,90024,,
,,,Duke Energy,550 S. Tryon St.,Charlotte,North Carolina,28202,,
,,,Rite Aid,30 Hunter Lane,Camp Hill,Pennsylvania,17011,,
,,,Gilead Sciences,333 Lakeside Dr.,Foster City,California,94404,,
,,,Baker Hughes,2929 Allen Pkwy.,Houston,Texas,77019,,
,,,Emerson Electric,8000 W. Florissant Ave.,St. Louis,Missouri,63136,,
,,,EMC,176 South St.,Hopkinton,Massachusetts,1748,,
,,,USAA,9800 Fredericksburg Rd.,San Antonio,Texas,78288,,
,,,Union Pacific,1400 Douglas St.,Omaha,Nebraska,68179,,
,,,Northrop Grumman,2980 Fairview Park Dr.,Falls Church,Virginia,22042,,
,,,Alcoa,390 Park Ave.,New York,New York,10022,,
,,,Capital One Financial,1680 Capital One Dr.,McLean,Virginia,22102,,
,,,National Oilwell Varco,7909 Parkwood Circle Dr.,Houston,Texas,77036,,
,,,US Foods,9399 W. Higgins Rd.,Rosemont,Illinois,60018,,
,,,Raytheon,870 Winter St.,Waltham,Massachusetts,2451,,
,,,Time Warner Cable,60 Columbus Circle,New York,New York,10023,,
,,,Arrow Electronics,7459 S. Lima St.,Englewood,Colorado,80112,,
,,,Aflac,1932 Wynnton Rd.,Columbus,Georgia,31999,,
,,,Staples,500 Staples Dr.,Framingham,Massachusetts,1702,,
,,,Abbott Laboratories,100 Abbott Park Rd.,Abbott Park,Illinois,60064,,
,,,Community Health Systems,4000 Meridian Blvd.,Franklin,Tennessee,37067,,
,,,Fluor,6700 Las Colinas Blvd.,Irving,Texas,75039,,
,,,Freeport-McMoRan,333 N. Central Ave.,Phoenix,Arizona,85004,,
,,,U.S. Bancorp,800 Nicollet Mall,Minneapolis,Minnesota,55402,,
,,,Nucor,1915 Rexford Rd.,Charlotte,North Carolina,28211,,
,,,Kimberly-Clark,351 Phelps Dr.,Irving,Texas,75038,,
,,,Hess,1185 Ave. of the Americas,New York,New York,10036,,
,,,Chesapeake Energy,6100 N. Western Ave.,Oklahoma City,Oklahoma,73118,,
,,,Xerox,45 Glover Ave.,Norwalk,Connecticut,6850,,
,,,ManpowerGroup,100 Manpower Place,Milwaukee,Wisconsin,53212,,
,,,Amgen,1 Amgen Center Dr.,Thousand Oaks,California,91320,,
,,,AbbVie,1 N. Waukegan Rd.,North Chicago,Illinois,60064,,
,,,Danaher,2200 Pennsylvania Ave. N.W.,Washington,District of Columbia,20037,,
,,,Whirlpool,2000 North M-63,Benton Harbor,Michigan,49022,,
,,,PBF Energy,1 Sylvan Way,Parsippany,New Jersey,7054,,
,,,HollyFrontier,2828 N. Harwood,Dallas,Texas,75201,,
,,,Eli Lilly,Lilly Corporate Center,Indianapolis,Indiana,46285,,
,,,Devon Energy,333 W. Sheridan Ave.,Oklahoma City,Oklahoma,73102,,
,,,Progressive,6300 Wilson Mills Rd.,Mayfield Village,Ohio,44143,,
,,,Cummins,500 Jackson St.,Columbus,Indiana,47201,,
,,,Icahn Enterprises,767 Fifth Ave.,New York,New York,10153,,
,,,AutoNation,200 S.W. First Ave.,Fort Lauderdale,Florida,33301,,
,,,Kohl's,N56 W17000 Ridgewood Dr.,Menomonee Falls,Wisconsin,53051,,
,,,Paccar,777 106th Ave. N.E.,Bellevue,Washington,98004,,
,,,Dollar General,100 Mission Ridge,Goodlettsville,Tennessee,37072,,
,,,Hartford Financial Services Gro,1 Hartford Plaza,Hartford,Connecticut,6155,,
,,,Southwest Airlines,2702 Love Field Dr.,Dallas,Texas,75235,,
,,,Anadarko Petroleum,1201 Lake Robbins Dr.,The Woodlands,Texas,77380,,
,,,Southern,30 Ivan Allen Jr. Blvd. N.W.,Atlanta,Georgia,30308,,
,,,Supervalu,7075 Flying Cloud Dr.,Eden Prairie,Minnesota,55344,,
,,,Kraft Foods Group,3 Lakes Dr.,Northfield,Illinois,60093,,
,,,Goodyear Tire & Rubber,200 Innovation Way,Akron,Ohio,44316,,
,,,EOG Resources,1111 Bagby St.,Houston,Texas,77002,,
,,,CenturyLink,100 CenturyLink Dr.,Monroe,Louisiana,71203,,
,,,Altria Group,6601 W. Broad St.,Richmond,Virginia,23230,,
,,,Tenet Healthcare,1445 Ross Ave.,Dallas,Texas,75202,,
,,,General Mills,1 General Mills Blvd.,Minneapolis,Minnesota,55426,,
,,,eBay,2065 Hamilton Ave.,San Jose,California,95125,,
,,,ConAgra Foods,1 ConAgra Dr.,Omaha,Nebraska,68102,,
,,,Lear,21557 Telegraph Rd.,Southfield,Michigan,48033,,
,,,TRW Automotive Holdings,12001 Tech Center Dr.,Livonia,Michigan,48150,,
,,,United States Steel,600 Grant St.,Pittsburgh,Pennsylvania,15219,,
,,,Penske Automotive Group,2555 Telegraph Rd.,Bloomfield Hills,Michigan,48302,,
,,,AES,4300 Wilson Blvd.,Arlington,Virginia,22203,,
,,,Colgate-Palmolive,300 Park Ave.,New York,New York,10022,,
,,,Global Partners,800 South St.,Waltham,Massachusetts,2453,,
,,,Thermo Fisher Scientific,81 Wyman St.,Waltham,Massachusetts,2451,,
,,,PG&E Corp.,77 Beale St.,San Francisco,California,94105,,
,,,NextEra Energy,700 Universe Blvd.,Juno Beach,Florida,33408,,
,,,American Electric Power,1 Riverside Plaza,Columbus,Ohio,43215,,
,,,Baxter International,1 Baxter Pkwy.,Deerfield,Illinois,60015,,
,,,Centene,7700 Forsyth Blvd.,St. Louis,Missouri,63105,,
,,,Starbucks,2401 Utah Ave. S.,Seattle,Washington,98134,,
,,,Gap,2 Folsom St.,San Francisco,California,94105,,
,,,Bank of New York Mellon Corp.,1 Wall St.,New York,New York,10286,,
,,,Micron Technology,8000 S. Federal Way,Boise,Idaho,83716,,
,,,Jabil Circuit,10560 Dr. Martin Luther King,St. Petersburg,Florida,33716,,
,,,PNC Financial Services Group,249 Fifth Ave.,Pittsburgh,Pennsylvania,15222,,
,,,Kinder Morgan,1001 Louisiana St.,Houston,Texas,77002,,
,,,Office Depot,6600 N. Military Trail,Boca Raton,Florida,33496,,
,,,Bristol-Myers Squibb,345 Park Ave.,New York,New York,10154,,
,,,NRG Energy,211 Carnegie Center,Princeton,New Jersey,8540,,
,,,Monsanto,800 N. Lindbergh Blvd.,St. Louis,Missouri,63167,,
,,,PPG Industries,1 PPG Place,Pittsburgh,Pennsylvania,15272,,
,,,Genuine Parts,2999 Circle 75 Pkwy.,Atlanta,Georgia,30339,,
,,,Omnicom Group,437 Madison Ave.,New York,New York,10022,,
,,,Illinois Tool Works,3600 W. Lake Ave.,Glenview,Illinois,60026,,
,,,Murphy USA,200 Peach St.,El Dorado,Arkansas,71730,,
,,,Land O'Lakes,4001 Lexington Ave. N.,Arden Hills,Minnesota,55126,,
,,,Western Refining,123 W. Mills Ave.,El Paso,Texas,79901,,
,,,Western Digital,3355 Michelson Dr.,Irvine,California,92612,,
,,,FirstEnergy,76 S. Main St.,Akron,Ohio,44308,,
,,,Aramark,1101 Market St.,Philadelphia,Pennsylvania,19107,,
,,,DISH Network,9601 S. Meridian Blvd.,Englewood,Colorado,80112,,
,,,Las Vegas Sands,3355 Las Vegas Blvd. S.,Las Vegas,Nevada,89109,,
,,,Kellogg,1 Kellogg Sq.,Battle Creek,Michigan,49017,,
,,,Loews,667 Madison Ave.,New York,New York,10065,,
,,,CBS,51 W. 52nd St.,New York,New York,10019,,
,,,Ecolab,370 Wabasha St. N.,St. Paul,Minnesota,55102,,
,,,Whole Foods Market,550 Bowie St.,Austin,Texas,78703,,
,,,Chubb,15 Mountain View Rd.,Warren,New Jersey,7059,,
,,,Health Net,21650 Oxnard St.,Woodland Hills,California,91367,,
,,,Waste Management,1001 Fannin St.,Houston,Texas,77002,,
,,,Apache,2000 Post Oak Blvd.,Houston,Texas,77056,,
,,,Textron,40 Westminster St.,Providence,Rhode Island,2903,,
,,,Synnex,44201 Nobel Dr.,Fremont,California,94538,,
,,,Marriott International,10400 Fernwood Rd.,Bethesda,Maryland,20817,,
,,,Viacom,1515 Broadway,New York,New York,10036,,
,,,Lincoln National,150 N. Radnor Chester Rd.,Radnor,Pennsylvania,19087,,
,,,Nordstrom,1617 Sixth Ave.,Seattle,Washington,98101,,
,,,C.H. Robinson Worldwide,14701 Charlson Rd.,Eden Prairie,Minnesota,55347,,
,,,Edison International,2244 Walnut Grove Ave.,Rosemead,California,91770,,
,,,Marathon Oil,5555 San Felipe St.,Houston,Texas,77056,,
,,,Yum Brands,1441 Gardiner Lane,Louisville,Kentucky,40213,,
,,,Computer Sciences,3170 Fairview Park Dr.,Falls Church,Virginia,22042,,
,,,Parker-Hannifin,6035 Parkland Blvd.,Cleveland,Ohio,44124,,
,,,DaVita HealthCare Partners,2000 16th St.,Denver,Colorado,80202,,
,,,CarMax,12800 Tuckahoe Creek Pkwy.,Richmond,Virginia,23238,,
,,,Texas Instruments,12500 TI Blvd.,Dallas,Texas,75243,,
,,,WellCare Health Plans,8725 Henderson Rd.,Tampa,Florida,33634,,
,,,Marsh & McLennan,1166 Ave. of the Americas,New York,New York,10036,,
,,,Consolidated Edison,4 Irving Place,New York,New York,10003,,
,,,Oneok,100 W. Fifth St.,Tulsa,Oklahoma,74103,,
,,,Visa,900 Metro Center Blvd.,Foster City,California,94404,,
,,,Jacobs Engineering Group,155 N. Lake Ave.,Pasadena,California,91101,,
,,,CSX,500 Water St.,Jacksonville,Florida,32202,,
,,,Entergy,639 Loyola Ave.,New Orleans,Louisiana,70113,,
,,,Facebook,1601 Willow Rd.,Menlo Park,California,94025,,
,,,Dominion Resources,120 Tredegar St.,Richmond,Virginia,23219,,
,,,Leucadia National,520 Madison Ave.,New York,New York,10022,,
,,,"Toys R"" Us""""""",1 Geoffrey Way,Wayne,New Jersey,7470,,
,,,DTE Energy,1 Energy Plaza,Detroit,Michigan,48226,,
,,,Ameriprise Financial,1099 Ameriprise Financial Cen,Minneapolis,Minnesota,55474,,
,,,VF,105 Corporate Center Blvd.,Greensboro,North Carolina,27408,,
,,,Praxair,39 Old Ridgebury Rd.,Danbury,Connecticut,6810,,
,,,J.C. Penney,6501 Legacy Dr.,Plano,Texas,75024,,
,,,Automatic Data Processing,1 ADP Blvd.,Roseland,New Jersey,7068,,
,,,L-3 Communications,600 Third Ave.,New York,New York,10016,,
,,,CDW,200 N. Milwaukee Ave.,Vernon Hills,Illinois,60061,,
,,,Guardian Life Ins. Co. of Ameri,7 Hanover Sq.,New York,New York,10004,,
,,,Xcel Energy,414 Nicollet Mall,Minneapolis,Minnesota,55401,,
,,,Norfolk Southern,3 Commercial Place,Norfolk,Virginia,23510,,
,,,PPL,2 N. Ninth St.,Allentown,Pennsylvania,18101,,
,,,R.R. Donnelley & Sons,111 S. Wacker Dr.,Chicago,Illinois,60606,,
,,,Huntsman,500 Huntsman Way,Salt Lake City,Utah,84108,,
,,,Bed Bath & Beyond,650 Liberty Ave.,Union,New Jersey,7083,,
,,,Stanley Black & Decker,1000 Stanley Dr.,New Britain,Connecticut,6053,,
,,,L Brands,3 Limited Pkwy.,Columbus,Ohio,43230,,
,,,Liberty Interactive,12300 Liberty Blvd.,Englewood,Colorado,80112,,
,,,Farmers Insurance Exchange,4680 Wilshire Boulevard,Los Angeles,California,90010,,
,,,First Data,5565 Glenridge Connector N.E.,Atlanta,Georgia,30342,,
,,,Sherwin-Williams,101 W. Prospect Ave.,Cleveland,Ohio,44115,,
,,,BlackRock,55 E. 52nd St.,New York,New York,10055,,
,,,Voya Financial,230 Park Avenue,New York,New York,10169,,
,,,Ross Stores,5130 Hacienda Dr.,Dublin,California,94568,,
,,,Sempra Energy,101 Ash St.,San Diego,California,92101,,
,,,Estee Lauder,767 Fifth Ave.,New York,New York,10153,,
,,,H.J. Heinz,1 PPG Place,Pittsburgh,Pennsylvania,15222,,
,,,Reinsurance Group of America,1370 Timberlake Manor Pkwy.,Chesterfield,Missouri,63017,,
,,,Public Service Enterprise Group,80 Park Plaza,Newark,New Jersey,7102,,
,,,Cameron International,1333 W. Loop S.,Houston,Texas,77027,,
,,,Navistar International,2701 Navistar Dr.,Lisle,Illinois,60532,,
,,,CST Brands,1 Valero Way,San Antonio,Texas,78249,,
,,,State Street Corp.,1 Lincoln St.,Boston,Massachusetts,2111,,
,,,Unum Group,1 Fountain Sq.,Chattanooga,Tennessee,37402,,
,,,Hilton Worldwide Holdings,7930 Jones Branch Dr.,McLean,Virginia,22102,,
,,,Family Dollar Stores,10401 Monroe Rd.,Matthews,North Carolina,28105,,
,,,Principal Financial,711 High St.,Des Moines,Iowa,50392,,
,,,Reliance Steel & Aluminum,350 S. Grand Ave.,Los Angeles,California,90071,,
,,,Air Products & Chemicals,7201 Hamilton Blvd.,Allentown,Pennsylvania,18195,,
,,,Assurant,1 Chase Manhattan Plaza,New York,New York,10005,,
,,,Peter Kiewit Sons',1000 Kiewit Plaza,Omaha,Nebraska,68131,,
,,,Henry Schein,135 Duryea Rd.,Melville,New York,11747,,
,,,Cognizant Technology Solutions,500 Frank W. Burr Blvd.,Teaneck,New Jersey,7666,,
,,,MGM Resorts International,3600 Las Vegas Blvd. S.,Las Vegas,Nevada,89109,,
,,,W.W. Grainger,100 Grainger Pkwy.,Lake Forest,Illinois,60045,,
,,,Group 1 Automotive,800 Gessner Rd.,Houston,Texas,77024,,
,,,BB&T Corp.,200 W. Second St.,Winston-Salem,North Carolina,27101,,
,,,Rock-Tenn,504 Thrasher St.,Norcross,Georgia,30071,,
,,,Advance Auto Parts,5008 Airport Rd.,Roanoke,Virginia,24012,,
,,,Ally Financial,200 Renaissance Center,Detroit,Michigan,48243,,
,,,AGCO,4205 River Green Pkwy.,Duluth,Georgia,30096,,
,,,Corning,1 Riverfront Plaza,Corning,New York,14831,,
,,,Biogen,225 Binney St.,Cambridge,Massachusetts,2142,,
,,,NGL Energy Partners,6120 S. Yale Ave.,Tulsa,Oklahoma,74136,,
,,,Stryker,2825 Airview Blvd.,Kalamazoo,Michigan,49002,,
,,,Molina Healthcare,200 Oceangate,Long Beach,California,90802,,
,,,Precision Castparts,4650 S.W. Macadam Ave.,Portland,Oregon,97239,,
,,,Discover Financial Services,2500 Lake Cook Rd.,Riverwoods,Illinois,60015,,
,,,Genworth Financial,6620 W. Broad St.,Richmond,Virginia,23230,,
,,,Eastman Chemical,200 S. Wilcox Dr.,Kingsport,Tennessee,37660,,
,,,Dean Foods,2711 N. Haskell Ave.,Dallas,Texas,75204,,
,,,AutoZone,123 S. Front St.,Memphis,Tennessee,38103,,
,,,MasterCard,2000 Purchase St.,Purchase,New York,10577,,
,,,Owens & Minor,9120 Lockwood Blvd.,Mechanicsville,Virginia,23116,,
,,,Hormel Foods,1 Hormel Place,Austin,Minnesota,55912,,
,,,GameStop,625 Westport Pkwy.,Grapevine,Texas,76051,,
,,,Autoliv,1320 Pacific Dr.,Auburn Hills,Michigan,48326,,
,,,CenterPoint Energy,1111 Louisiana St.,Houston,Texas,77002,,
,,,Fidelity National Financial,601 Riverside Ave.,Jacksonville,Florida,32204,,
,,,Sonic Automotive,4401 Colwick Rd.,Charlotte,North Carolina,28211,,
,,,HD Supply Holdings,3100 Cumberland Blvd.,Atlanta,Georgia,30339,,
,,,Charter Communications,400 Atlantic St.,Stamford,Connecticut,6901,,
,,,Crown Holdings,1 Crown Way,Philadelphia,Pennsylvania,19154,,
,,,Applied Materials,3050 Bowers Ave.,Santa Clara,California,95054,,
,,,Mosaic,3033 Campus Dr.,Plymouth,Minnesota,55441,,
,,,CBRE Group,400 S. Hope St.,Los Angeles,California,90071,,
,,,Avon Products,777 Third Ave.,New York,New York,10017,,
,,,Republic Services,18500 N. Allied Way,Phoenix,Arizona,85054,,
,,,Universal Health Services,367 S. Gulph Rd.,King of Prussia,Pennsylvania,19406,,
,,,Darden Restaurants,1000 Darden Center Dr.,Orlando,Florida,32837,,
,,,Steel Dynamics,7575 W. Jefferson Blvd.,Fort Wayne,Indiana,46804,,
,,,SunTrust Banks,303 Peachtree St. N.E.,Atlanta,Georgia,30308,,
,,,Caesars Entertainment,1 Caesars Palace Dr.,Las Vegas,Nevada,89109,,
,,,Targa Resources,1000 Louisiana St.,Houston,Texas,77002,,
,,,Dollar Tree,500 Volvo Pkwy.,Chesapeake,Virginia,23320,,
,,,News Corp.,1211 Avenue of the Americas,New York,New York,10036,,
,,,Ball,10 Longs Peak Dr.,Broomfield,Colorado,80021,,
,,,Thrivent Financial for Lutheran,625 Fourth Ave. S.,Minneapolis,Minnesota,55415,,
,,,Masco,21001 Van Born Rd.,Taylor,Michigan,48180,,
,,,Franklin Resources,1 Franklin Pkwy.,San Mateo,California,94403,,
,,,Avis Budget Group,6 Sylvan Way,Parsippany,New Jersey,7054,,
,,,Reynolds American,401 N. Main St.,Winston-Salem,North Carolina,27101,,
,,,Becton Dickinson,1 Becton Dr.,Franklin Lakes,New Jersey,7417,,
,,,Priceline Group,800 Connecticut Ave.,Norwalk,Connecticut,6854,,
,,,Broadcom,5300 California Ave.,Irvine,California,92617,,
,,,Tenneco,500 N. Field Dr.,Lake Forest,Illinois,60045,,
,,,Campbell Soup,1 Campbell Place,Camden,New Jersey,8103,,
,,,AECOM,555 S. Flower St.,Los Angeles,California,90071,,
,,,Visteon,1 Village Center Dr.,Van Buren Township,Michigan,48111,,
,,,Delek US Holdings,7102 Commerce Way,Brentwood,Tennessee,37027,,
,,,Dover,3005 Highland Pkwy.,Downers Grove,Illinois,60515,,
,,,BorgWarner,3850 Hamlin Rd.,Auburn Hills,Michigan,48326,,
,,,Jarden,1800 N. Military Trail,Boca Raton,Florida,33431,,
,,,UGI,460 N. Gulph Rd.,King of Prussia,Pennsylvania,19406,,
,,,Murphy Oil,200 Peach St.,El Dorado,Arkansas,71730,,
,,,PVH,200 Madison Ave.,New York,New York,10016,,
,,,Core-Mark Holding,395 Oyster Point Blvd.,South San Francisc,California,94080,,
,,,Calpine,717 Texas Ave.,Houston,Texas,77002,,
,,,D.R. Horton,301 Commerce St.,Fort Worth,Texas,76102,,
,,,Weyerhaeuser,33663 Weyerhaeuser Way S.,Federal Way,Washington,98003,,
,,,KKR,9 W. 57th St.,New York,New York,10019,,
,,,FMC Technologies,5875 N. Sam Houston Pkwy. W.,Houston,Texas,77086,,
,,,American Family Insurance Group,6000 American Pkwy.,Madison,Wisconsin,53783,,
,,,SpartanNash,850 76th St. S.W.,Grand Rapids,Michigan,49518,,
,,,WESCO International,225 W. Station Square Dr.,Pittsburgh,Pennsylvania,15219,,
,,,Quanta Services,2800 Post Oak Blvd.,Houston,Texas,77056,,
,,,Mohawk Industries,160 S. Industrial Blvd.,Calhoun,Georgia,30701,,
,,,Motorola Solutions,1303 E. Algonquin Rd.,Schaumburg,Illinois,60196,,
,,,Lennar,700 N.W. 107th Ave.,Miami,Florida,33172,,
,,,TravelCenters of America,24601 Center Ridge Rd.,Westlake,Ohio,44145,,
,,,Sealed Air,200 Riverfront Blvd.,Elmwood Park,New Jersey,7407,,
,,,Eversource Energy,1 Federal St.,Springfield,Massachusetts,1105,,
,,,Coca-Cola Enterprises,2500 Windy Ridge Pkwy.,Atlanta,Georgia,30339,,
,,,Celgene,86 Morris Ave.,Summit,New Jersey,7901,,
,,,Williams,1 Williams Center,Tulsa,Oklahoma,74172,,
,,,Ashland,50 E. RiverCenter Blvd.,Covington,Kentucky,41011,,
,,,Interpublic Group,1114 Ave. of the Americas,New York,New York,10036,,
,,,Blackstone Group,345 Park Ave.,New York,New York,10154,,
,,,Ralph Lauren,650 Madison Ave.,New York,New York,10022,,
,,,Quest Diagnostics,3 Giralda Farms,Madison,New Jersey,7940,,
,,,Hershey,100 Crystal A Dr.,Hershey,Pennsylvania,17033,,
,,,Terex,200 Nyala Farm Rd.,Westport,Connecticut,6880,,
,,,Boston Scientific,1 Boston Scientific Place,Natick,Massachusetts,1760,,
,,,Newmont Mining,6363 S. Fiddler's Green Circl,Greenwood Village,Colorado,80111,,
,,,Allergan,2525 Dupont Dr.,Irvine,California,92612,,
,,,O'Reilly Automotive,233 S. Patterson Ave.,Springfield,Missouri,65802,,
,,,Casey's General Stores,1 Convenience Blvd.,Ankeny,Iowa,50021,,
,,,CMS Energy,1 Energy Plaza,Jackson,Michigan,49201,,
,,,Foot Locker,112 W. 34th St.,New York,New York,10120,,
,,,W.R. Berkley,475 Steamboat Rd.,Greenwich,Connecticut,6830,,
,,,PetSmart,19601 N. 27th Ave.,Phoenix,Arizona,85027,,
,,,Pacific Life,1111 Louisiana St.,Houston,Texas,77002,,
,,,Commercial Metals,6565 N. MacArthur Blvd.,Irving,Texas,75039,,
,,,Agilent Technologies,5301 Stevens Creek Blvd.,Santa Clara,California,95051,,
,,,Huntington Ingalls Industries,4101 Washington Ave.,Newport News,Virginia,23607,,
,,,Mutual of Omaha Insurance,Mutual of Omaha Plaza,Omaha,Nebraska,68175,,
,,,Live Nation Entertainment,9348 Civic Center Dr.,Beverly Hills,California,90210,,
,,,Dick's Sporting Goods,345 Court St.,Coraopolis,Pennsylvania,15108,,
,,,Oshkosh,2307 Oregon St.,Oshkosh,Wisconsin,54902,,
,,,Celanese,222 W. Las Colinas Blvd.,Irving,Texas,75039,,
,,,Spirit AeroSystems Holdings,3801 S. Oliver St.,Wichita,Kansas,67210,,
,,,United Natural Foods,313 Iron Horse Way,Providence,Rhode Island,2908,,
,,,Peabody Energy,701 Market St.,St. Louis,Missouri,63101,,
,,,Owens-Illinois,1 Michael Owens Way,Perrysburg,Ohio,43551,,
,,,Dillard's,1600 Cantrell Rd.,Little Rock,Arkansas,72201,,
,,,Level 3 Communications,1025 Eldorado Blvd.,Broomfield,Colorado,80021,,
,,,Pantry,305 Gregson Dr.,Cary,North Carolina,27511,,
,,,LKQ,500 W. Madison St.,Chicago,Illinois,60661,,
,,,Integrys Energy Group,130 E. Randolph St.,Chicago,Illinois,60601,,
,,,Symantec,350 Ellis St.,Mountain View,California,94043,,
,,,Buckeye Partners,1 Greenway Plaza,Houston,Texas,77046,,
,,,Ryder System,11690 N.W. 105th St.,Miami,Florida,33178,,
,,,SanDisk,951 SanDisk Dr.,Milpitas,California,95035,,
,,,Rockwell Automation,1201 S. Second St.,Milwaukee,Wisconsin,53204,,
,,,Dana Holding,3939 Technology Dr.,Maumee,Ohio,43537,,
,,,Lansing Trade Group,"10975 Benson Drive, Suite 400",Overland,Kansas,66210,,
,,,NCR,3097 Satellite Blvd.,Duluth,Georgia,30096,,
,,,Expeditors International of Was,1015 Third Ave.,Seattle,Washington,98104,,
,,,Omnicare,201 E. Fourth St.,Cincinnati,Ohio,45202,,
,,,AK Steel Holding,9227 Centre Pointe Dr.,West Chester,Ohio,45069,,
,,,Fifth Third Bancorp,38 Fountain Square Plaza,Cincinnati,Ohio,45263,,
,,,Seaboard,9000 W. 67th St.,Shawnee Mission,Kansas,66202,,
,,,NiSource,801 E. 86th Ave.,Merrillville,Indiana,46410,,
,,,Cablevision Systems,1111 Stewart Ave.,Bethpage,New York,11714,,
,,,Anixter International,2301 Patriot Blvd.,Glenview,Illinois,60026,,
,,,EMCOR Group,301 Merritt Seven,Norwalk,Connecticut,6851,,
,,,Fidelity National Information S,601 Riverside Ave.,Jacksonville,Florida,32204,,
,,,Barnes & Noble,122 Fifth Ave.,New York,New York,10011,,
,,,KBR,601 Jefferson St.,Houston,Texas,77002,,
,,,Auto-Owners Insurance,6101 Anacapri Blvd.,Lansing,Michigan,48917,,
,,,Jones Financial,12555 Manchester Rd.,Des Peres,Missouri,63131,,
,,,Avery Dennison,207 Goode Ave.,Glendale,California,91203,,
,,,NetApp,495 E. Java Dr.,Sunnyvale,California,94089,,
,,,iHeartMedia,200 E. Basse Rd.,San Antonio,Texas,78209,,
,,,Discovery Communications,1 Discovery Place,Silver Spring,Maryland,20910,,
,,,Harley-Davidson,3700 W. Juneau Ave.,Milwaukee,Wisconsin,53208,,
,,,Sanmina,2700 N. First St.,San Jose,California,95134,,
,,,Trinity Industries,2525 N. Stemmons Freeway,Dallas,Texas,75207,,
,,,J.B. Hunt Transport Services,615 J.B. Hunt Corporate Dr.,Lowell,Arkansas,72745,,
,,,Charles Schwab,211 Main St.,San Francisco,California,94105,,
,,,Erie Insurance Group,100 Erie Insurance Place,Erie,Pennsylvania,16530,,
,,,Dr Pepper Snapple Group,5301 Legacy Dr.,Plano,Texas,75024,,
,,,Ameren,1901 Chouteau Ave.,St. Louis,Missouri,63103,,
,,,Mattel,333 Continental Blvd.,El Segundo,California,90245,,
,,,Laboratory Corp. of America,358 S. Main St.,Burlington,North Carolina,27215,,
,,,TEGNA,7950 Jones Branch Dr.,McLean,Virginia,22107,,
,,,Starwood Hotels & Resorts,1 StarPoint,Stamford,Connecticut,6902,,
,,,General Cable,4 Tesseneer Dr.,Highland Heights,Kentucky,41076,,
,,,A-Mark Precious Metals,"429 Santa Monica Boulevard, S",Santa Monica,California,90401,,
,,,Graybar Electric,34 N. Meramec Ave.,St. Louis,Missouri,63105,,
,,,Energy Future Holdings,1601 Bryan St.,Dallas,Texas,75201,,
,,,HRG Group,450 Park Ave.,New York,New York,10022,,
,,,MRC Global,909 Fannin St.,Houston,Texas,77010,,
,,,Spectra Energy,5400 Westheimer Court,Houston,Texas,77056,,
,,,Asbury Automotive Group,2905 Premiere Pkwy. N.W.,Duluth,Georgia,30097,,
,,,Packaging Corp. of America,1955 W. Field Court,Lake Forest,Illinois,60045,,
,,,Windstream Holdings,4001 Rodney Parham Rd.,Little Rock,Arkansas,72212,,
,,,PulteGroup,100 Bloomfield Hills Pkwy.,Bloomfield Hills,Michigan,48304,,
,,,JetBlue Airways,27-01 Queens Plaza N.,Long Island City,New York,11101,,
,,,Newell Rubbermaid,3 Glenlake Pkwy.,Atlanta,Georgia,30328,,
,,,Con-way,2211 Old Earhart Rd.,Ann Arbor,Michigan,48105,,
,,,Calumet Specialty Products Part,2780 Waterfront Pkwy. E. Dr.,Indianapolis,Indiana,46214,,
,,,Expedia,333 108th Ave. N.E.,Bellevue,Washington,98004,,
,,,American Financial Group,301 E. Fourth St.,Cincinnati,Ohio,45202,,
,,,Tractor Supply,200 Powell Place,Brentwood,Tennessee,37027,,
,,,United Rentals,100 First Stamford Place,Stamford,Connecticut,6902,,
,,,Ingredion,5 Westbrook Corporate Center,Westchester,Illinois,60154,,
,,,Navient,123 Justison Street,Wilmington,Delaware,19801,,
,,,MeadWestvaco,501 S. Fifth St.,Richmond,Virginia,23219,,
,,,AGL Resources,10 Peachtree Place N.E.,Atlanta,Georgia,30309,,
,,,St. Jude Medical,1 St. Jude Medical Dr.,St. Paul,Minnesota,55117,,
,,,J.M. Smucker,1 Strawberry Lane,Orrville,Ohio,44667,,
,,,Western Union,12500 E.Belford Ave.,Englewood,Colorado,80112,,
,,,Clorox,1221 Broadway,Oakland,California,94612,,
,,,Domtar,100 Kingsley Park Dr.,Fort Mill,South Carolina,29715,,
,,,Kelly Services,999 W. Big Beaver Rd.,Troy,Michigan,48084,,
,,,Old Republic International,307 N. Michigan Ave.,Chicago,Illinois,60601,,
,,,Advanced Micro Devices,1 AMD Place,Sunnyvale,California,94085,,
,,,Netflix,100 Winchester Circle,Los Gatos,California,95032,,
,,,Booz Allen Hamilton Holding,8283 Greensboro Dr.,McLean,Virginia,22102,,
,,,Quintiles Transnational Holding,4820 Emperor Blvd.,Durham,North Carolina,27703,,
,,,Wynn Resorts,3131 Las Vegas Blvd. S.,Las Vegas,Nevada,89109,,
,,,Jones Lang LaSalle,200 E. Randolph Dr.,Chicago,Illinois,60601,,
,,,Regions Financial,1900 Fifth Ave. N.,Birmingham,Alabama,35203,,
,,,CH2M Hill,9191 S. Jamaica St.,Englewood,Colorado,80112,,
,,,Western & Southern Financial Gr,400 Broadway,Cincinnati,Ohio,45202,,
,,,Lithia Motors,150 N. Bartlett St.,Medford,Oregon,97501,,
,,,salesforce.com,1 Market St.,San Francisco,California,94105,,
,,,Alaska Air Group,19300 International Blvd.,Seattle,Washington,98188,,
,,,Host Hotels & Resorts,6903 Rockledge Dr.,Bethesda,Maryland,20817,,
,,,Harman International Industries,400 Atlantic St.,Stamford,Connecticut,6901,,
,,,Amphenol,358 Hall Ave.,Wallingford,Connecticut,6492,,
,,,Realogy Holdings,175 Park Ave.,Madison,New Jersey,7940,,
,,,Essendant,1 Parkway N. Blvd.,Deerfield,Illinois,60015,,
,,,Hanesbrands,1000 E. Hanes Mill Rd.,Winston-Salem,North Carolina,27105,,
,,,Kindred Healthcare,680 S. Fourth St.,Louisville,Kentucky,40202,,
,,,ARRIS Group,3871 Lakefield Dr.,Suwanee,Georgia,30024,,
,,,Insight Enterprises,6820 S. Harl Ave.,Tempe,Arizona,85283,,
,,,Alliance Data Systems,7500 Dallas Pkwy.,Plano,Texas,75024,,
,,,LifePoint Health,330 Seven Springs Way,Brentwood,Tennessee,37027,,
,,,Pioneer Natural Resources,5205 N. O'Connor Blvd.,Irving,Texas,75039,,
,,,Wyndham Worldwide,22 Sylvan Way,Parsippany,New Jersey,7054,,
,,,Owens Corning,1 Owens Corning Pkwy.,Toledo,Ohio,43659,,
,,,Alleghany,7 Times Sq.,New York,New York,10036,,
,,,McGraw Hill Financial,1221 Ave. of the Americas,New York,New York,10020,,
,,,Big Lots,300 Phillipi Rd.,Columbus,Ohio,43228,,
,,,Northern Tier Energy,38C Grove St.,Ridgefield,Connecticut,6877,,
,,,Hexion,180 E. Broad St.,Columbus,Ohio,43215,,
,,,Markel,4521 Highwoods Pkwy.,Glen Allen,Virginia,23060,,
,,,Noble Energy,100 Noble Energy Way,Houston,Texas,77070,,
,,,Leidos Holdings,11951 Freedom Dr.,Reston,Virginia,20190,,
,,,Rockwell Collins,400 Collins Rd. N.E.,Cedar Rapids,Iowa,52498,,
,,,Airgas,259 N. Radnor-Chester Rd.,Radnor,Pennsylvania,19087,,
,,,Sprague Resources,185 International Dr.,Portsmouth,New Hampshire,3801,,
,,,YRC Worldwide,10990 Roe Ave.,Overland Park,Kansas,66211,,
,,,Hanover Insurance Group,440 Lincoln St.,Worcester,Massachusetts,1653,,
,,,Fiserv,255 Fiserv Dr.,Brookfield,Wisconsin,53045,,
,,,Lorillard,714 Green Valley Rd.,Greensboro,North Carolina,27408,,
,,,American Tire Distributors Hold,12200 Herbert Wayne Court,Huntersville,North Carolina,28078,,
,,,ABM Industries,551 Fifth Ave.,New York,New York,10176,,
,,,Sonoco Products,1 N. Second St.,Hartsville,South Carolina,29550,,
,,,Harris,1025 W. NASA Blvd.,Melbourne,Florida,32919,,
,,,Telephone & Data Systems,30 N. LaSalle St.,Chicago,Illinois,60602,,
,,,WEC Energy Group,231 W. Michigan St.,Milwaukee,Wisconsin,53203,,
,,,Linn Energy,600 Travis St.,Houston,Texas,77002,,
,,,Raymond James Financial,880 Carillon Pkwy.,St. Petersburg,Florida,33716,,
,,,Berry Plastics Group,101 Oakley St.,Evansville,Indiana,47710,,
,,,Regency Energy Partners,2001 Bryan St.,Dallas,Texas,75201,,
,,,SCANA,100 Scana Pkwy.,Cayce,South Carolina,29033,,
,,,Cincinnati Financial,6200 S. Gilmore Rd.,Fairfield,Ohio,45014,,
,,,Atmos Energy,5430 L.B.J. Freeway,Dallas,Texas,75240,,
,,,Pepco Holdings,701 Ninth St. N.W.,Washington,District of Columbia,20068,,
,,,Flowserve,5215 N. O'Connor Blvd.,Irving,Texas,75039,,
,,,Simon Property Group,225 W. Washington St.,Indianapolis,Indiana,46204,,
,,,Constellation Brands,207 High Point Dr.,Victor,New York,14564,,
,,,Quad/Graphics,N61 W23044 Harry's Way,Sussex,Wisconsin,53089,,
,,,Burlington Stores,1830 Route 130 N.,Burlington,New Jersey,8016,,
,,,Neiman Marcus Group,1618 Main St.,Dallas,Texas,75201,,
,,,Bemis,1 Neenah Center,Neenah,Wisconsin,54956,,
,,,Coach,516 W. 34th St.,New York,New York,10001,,
,,,Continental Resources,20 N. Broadway,Oklahoma City,Oklahoma,73102,,
,,,Ascena Retail Group,30 Dunnigan Dr.,Suffern,New York,10901,,
,,,Zoetis,100 Campus Drive,Florham Park,New Jersey,7932,,
,,,Orbital ATK,1300 Wilson Blvd.,Arlington,Virginia,22209,,
,,,Frontier Communications,3 High Ridge Park,Stamford,Connecticut,6905,,
,,,Levi Strauss,1155 Battery St.,San Francisco,California,94111,,
,,,SPX,13320 Ballantyne Corporate Pl,Charlotte,North Carolina,28277,,
,,,CF Industries Holdings,4 Pkwy. N.,Deerfield,Illinois,60015,,
,,,Michaels Cos.,8000 Bent Branch Dr.,Irving,Texas,75063,,
,,,M&T Bank Corp.,1 M&T Plaza,Buffalo,New York,14203,,
,,,Rush Enterprises,555 Interstate 35 S.,New Braunfels,Texas,78130,,
,,,Aleris,25825 Science Park Dr.,Cleveland,Ohio,44122,,
,,,Nexeo Solutions Holdings,3 Waterway Square Place,The Woodlands,Texas,77380,,
,,,Keurig Green Mountain,33 Coffee Lane,Waterbury,Vermont,5676,,
,,,Superior Energy Services,1001 Louisiana St.,Houston,Texas,77002,,
,,,Williams-Sonoma,3250 Van Ness Ave.,San Francisco,California,94109,,
,,,Robert Half International,2884 Sand Hill Rd.,Menlo Park,California,94025,,
,,,Nvidia,2701 San Tomas Expressway,Santa Clara,California,95050,,
,,,First American Financial,1 First American Way,Santa Ana,California,92707,,
,,,Zimmer Holdings,345 E. Main St.,Warsaw,Indiana,46580,,
,,,MDU Resources Group,1200 W. Century Ave.,Bismarck,North Dakota,58503,,
,,,Juniper Networks,1194 N. Mathilda Ave.,Sunnyvale,California,94089,,
,,,Arthur J. Gallagher,2 Pierce Place,Itasca,Illinois,60143,,
,,,Colfax,8170 Maple Lawn Blvd.,Fulton,Maryland,20759,,
,,,Cliffs Natural Resources,200 Public Sq.,Cleveland,Ohio,44114,,
,,,Yahoo,701 First Ave.,Sunnyvale,California,94089,,
,,,MasTec,800 S. Douglas Rd.,Coral Gables,Florida,33134,,
,,,Lam Research,4650 Cushing Pkwy.,Fremont,California,94538,,
,,,Axiall,1000 Abernathy Rd. N.E.,Atlanta,Georgia,30328,,
,,,Intercontinental Exchange,"5660 New Northside Drive NW,",Atlanta,Georgia,30328,,
,,,Cintas,6800 Cintas Blvd.,Cincinnati,Ohio,45262,,
,,,Coty,350 Fifth Ave.,New York,New York,10118,,
,,,CA,1 CA Plaza,Islandia,New York,11749,,
,,,Andersons,480 W. Dussel Dr.,Maumee,Ohio,43537,,
,,,Valspar,901 Third Ave. S.,Minneapolis,Minnesota,55402,,
,,,Northern Trust,50 S. LaSalle St.,Chicago,Illinois,60603,,
,,,Intuit,2700 Coast Ave.,Mountain View,California,94043,,
,,,Tutor Perini,15901 Olden St.,Sylmar,California,91342,,
,,,Polaris Industries,2100 Hwy. 55,Medina,Minnesota,55340,,
,,,Hospira,275 N. Field Dr.,Lake Forest,Illinois,60045,,
,,,FM Global,270 Central Ave.,Johnston,Rhode Island,2919,,
,,,NVR,11700 Plaza America Dr.,Reston,Virginia,20190,,
,,,Liberty Media,12300 Liberty Blvd.,Englewood,Colorado,80112,,
,,,Energizer Holdings,533 Maryville University Dr.,St. Louis,Missouri,63141,,
,,,Bloomin' Brands,2202 N. West Shore Blvd.,Tampa,Florida,33607,,
,,,Avaya,4655 Great American Pkwy.,Santa Clara,California,95054,,
,,,Westlake Chemical,2801 Post Oak Blvd.,Houston,Texas,77056,,
,,,Hyatt Hotels,71 S. Wacker Dr.,Chicago,Illinois,60606,,
,,,Mead Johnson Nutrition,2701 Patriot Blvd.,Glenview,Illinois,60026,,
,,,Activision Blizzard,3100 Ocean Park Blvd.,Santa Monica,California,90405,,
,,,Protective Life,2801 Hwy. 280 S.,Birmingham,Alabama,35223,,
,,,Envision Healthcare Holdings,6200 S. Syracuse Way,Greenwood Village,Colorado,80111,,
,,,Fortune Brands Home & Security,520 Lake Cook Rd.,Deerfield,Illinois,60015,,
,,,RPM International,2628 Pearl Rd.,Medina,Ohio,44256,,
,,,VWR,100 Matsonford Rd.,Radnor,Pennsylvania,19087,,
,,,LPL Financial Holdings,75 State St.,Boston,Massachusetts,2109,,
,,,KeyCorp,127 Public Sq.,Cleveland,Ohio,44114,,
,,,Swift Transportation,2200 S. 75th Ave.,Phoenix,Arizona,85043,,
,,,Alpha Natural Resources,1 Alpha Place,Bristol,Virginia,24202,,
,,,Hasbro,1027 Newport Ave.,Pawtucket,Rhode Island,2861,,
,,,Resolute Forest Products,5300 Cureton Ferry Rd.,Catawba,South Carolina,29704,,
,,,Tiffany,727 Fifth Ave.,New York,New York,10022,,
,,,McCormick,18 Loveton Circle,Sparks,Maryland,21152,,
,,,Graphic Packaging Holding,1500 Riveredge Pkwy.,Atlanta,Georgia,30328,,
,,,Greif,425 Winter Rd.,Delaware,Ohio,43015,,
,,,Allegheny Technologies,50 S. LaSalle St.,Chicago,Illinois,60603,,
,,,Securian Financial Group,400 Robert St. N.,St. Paul,Minnesota,55101,,
,,,B/E Aerospace,1400 Corporate Center Way,Wellington,Florida,33414,,
,,,Exelis,1650 Tysons Blvd.,McLean,Virginia,22102,,
,,,Adobe Systems,345 Park Ave.,San Jose,California,95110,,
,,,Molson Coors Brewing,1225 17th St.,Denver,Colorado,80202,,
,,,Roundy's,875 E. Wisconsin Ave.,Milwaukee,Wisconsin,53202,,
,,,CNO Financial Group,11825 N. Pennsylvania St.,Carmel,Indiana,46032,,
,,,Adams Resources & Energy,17 S. Briar Hollow Lane,Houston,Texas,77027,,
,,,Belk,2801 W. Tyvola Rd.,Charlotte,North Carolina,28217,,
,,,Chipotle Mexican Grill,1401 Wynkoop St.,Denver,Colorado,80202,,
,,,American Tower,116 Huntington Ave.,Boston,Massachusetts,2116,,
,,,FMC,1735 Market St.,Philadelphia,Pennsylvania,19103,,
,,,Hillshire Brands,400 S. Jefferson St.,Chicago,Illinois,60607,,
,,,AmTrust Financial Services,59 Maiden Lane,New York,New York,10038,,
,,,Brunswick,1 N. Field Court,Lake Forest,Illinois,60045,,
,,,Patterson,1031 Mendota Heights Rd.,St. Paul,Minnesota,55120,,
,,,Southwestern Energy,2350 N. Sam Houston Pkwy. E.,Houston,Texas,77032,,
,,,Ametek,1100 Cassatt Rd.,Berwyn,Pennsylvania,19312,,
,,,T. Rowe Price,100 E. Pratt St.,Baltimore,Maryland,21202,,
,,,Torchmark,3700 S. Stonebridge Dr.,McKinney,Texas,75070,,
,,,Darling Ingredients,"251 O?Connor Ridge, Ste. 300",Irving,Texas,75038,,
,,,Leggett & Platt,1 Leggett Rd.,Carthage,Missouri,64836,,
,,,Watsco,2665 S. Bayshore Dr.,Miami,Florida,33133,,
,,,Crestwood Equity Partners,"700 Louisiana St., Suite 2550",Houston,Texas,77022,,
,,,Xylem,1 International Dr.,Rye Brook,New York,10573,,
,,,Silgan Holdings,4 Landmark Sq.,Stamford,Connecticut,6901,,
,,,Toll Brothers,250 Gibraltar Rd.,Horsham,Pennsylvania,19044,,
,,,Manitowoc,2400 S. 44th St.,Manitowoc,Wisconsin,54220,,
,,,Science Applications Internatio,1710 Saic Dr.,McLean,Virginia,22102,,
,,,Carlyle Group,1001 Pennsylvania Ave. N.W.,Washington,District of Columbia,20004,,
,,,Timken,1835 Dueber Ave. S.W.,Canton,Ohio,44706,,
,,,Genesis Energy,919 Milam St.,Houston,Texas,77002,,
,,,WPX Energy,1 Williams Center,Tulsa,Oklahoma,74172,,
,,,CareFusion,3750 Torrey View Court,San Diego,California,92130,,
,,,Pitney Bowes,1 Elmcroft Rd.,Stamford,Connecticut,6926,,
,,,Ingles Markets,2913 U.S. Hwy. 70 W.,Black Mountain,North Carolina,28711,,
,,,PolyOne,33587 Walker Rd.,Avon Lake,Ohio,44012,,
,,,Brookdale Senior Living,111 Westwood Place,Brentwood,Tennessee,37027,,
,,,CommScope Holding,1100 CommScope Place S.E.,Hickory,North Carolina,28602,,
,,,Meritor,2135 W. Maple Rd.,Troy,Michigan,48084,,
,,,Joy Global,100 E. Wisconsin Ave.,Milwaukee,Wisconsin,53202,,
,,,Unified Grocers,5200 Sheila St.,Commerce,California,90040,,
,,,Triumph Group,899 Cassatt Rd.,Berwyn,Pennsylvania,19312,,
,,,Magellan Health,55 Nod Rd.,Avon,Connecticut,6001,,
,,,Sally Beauty Holdings,3001 Colorado Blvd.,Denton,Texas,76210,,
,,,Flowers Foods,1919 Flowers Circle,Thomasville,Georgia,31757,,
,,,Abercrombie & Fitch,6301 Fitch Path,New Albany,Ohio,43054,,
,,,New Jersey Resources,1415 Wyckoff Rd.,Wall,New Jersey,7719,,
,,,Fastenal,2001 Theurer Blvd.,Winona,Minnesota,55987,,
,,,NII Holdings,1875 Explorer St.,Reston,Virginia,20190,,
,,,Consol Energy,1000 Consol Energy Dr.,Canonsburg,Pennsylvania,15317,,
,,,USG,550 W. Adams St.,Chicago,Illinois,60661,,
,,,Brink's,1801 Bayberry Court,Richmond,Virginia,23226,,
,,,Helmerich & Payne,1437 S. Boulder Ave.,Tulsa,Oklahoma,74119,,
,,,Lexmark International,740 W. New Circle Rd.,Lexington,Kentucky,40550,,
,,,American Axle & Manufacturing,1 Dauch Dr.,Detroit,Michigan,48211,,
,,,Crown Castle International,1220 Augusta Dr.,Houston,Texas,77057,,
,,,Targa Energy,"1000 Louisiana, Suite 4300",Houston,Texas,77002,,
,,,Oceaneering International,11911 FM 529 Rd.,Houston,Texas,77041,,
,,,Cabot,2 Seaport Lane,Boston,Massachusetts,2210,,
,,,CIT Group,11 W. 42nd St.,New York,New York,10036,,
,,,Cabela's,1 Cabela Dr.,Sidney,Nebraska,69160,,
,,,Forest Laboratories,909 Third Ave.,New York,New York,10022,,
,,,DCP Midstream Partners,370 17th St.,Denver,Colorado,80202,,
,,,Ryerson Holding,227 W. Monroe St.,Chicago,Illinois,60606,,
,,,QEP Resources,1050 17th St.,Denver,Colorado,80265,,
,,,Thor Industries,601 E. Beardsley Ave.,Elkhart,Indiana,46514,,
,,,HSN,1 HSN Dr.,St. Petersburg,Florida,33729,,
,,,Graham Holdings,1150 15th St. N.W.,Washington,District of Columbia,20071,,
,,,Electronic Arts,209 Redwood Shores Pkwy.,Redwood City,California,94065,,
,,,Boise Cascade,1111 W. Jefferson St.,Boise,Idaho,83702,,
,,,Hub Group,2000 Clearwater Dr.,Oak Brook,Illinois,60523,,
,,,CACI International,1100 N. Glebe Rd.,Arlington,Virginia,22201,,
,,,Roper Technologies,6901 Professional Pkwy. E.,Sarasota,Florida,34240,,
,,,Towers Watson,875 Third Ave.,New York,New York,10022,,
,,,Smart & Final Stores,600 Citadel Drive,Commerce,California,90040,,
,,,Big Heart Pet Brands,1 Maritime Plaza,San Francisco,California,94111,,
,,,Fossil Group,901 S. Central Expressway,Richardson,Texas,75080,,
,,,Nasdaq OMX Group,1 Liberty Plaza,New York,New York,10006,,
,,,Country Financial,1701 N. Towanda Ave.,Bloomington,Illinois,61701,,
,,,Snap-on,2801 80th St.,Kenosha,Wisconsin,53143,,
,,,Pinnacle West Capital,400 N. Fifth St.,Phoenix,Arizona,85004,,
,,,EchoStar,100 Inverness Terrace E.,Englewood,Colorado,80112,,
,,,Systemax,11 Harbor Park Dr.,Port Washington,New York,11050,,
,,,WhiteWave Foods,1225 Seventeenth Street Ste 1,Denver,Colorado,80202,,
,,,CUNA Mutual Group,5910 Mineral Point Rd.,Madison,Wisconsin,53705,,
,,,Cooper Tire & Rubber,701 Lima Ave.,Findlay,Ohio,45840,,
,,,ADT,1501 Yamato Rd.,Boca Raton,Florida,33431,,
,,,Cerner,2800 Rockcreek Pkwy.,North Kansas City,Missouri,64117,,
,,,Clean Harbors,42 Longwater Dr.,Norwell,Massachusetts,2061,,
,,,First Solar,350 W. Washington St.,Tempe,Arizona,85281,,
,,,Lennox International,2140 Lake Park Blvd.,Richardson,Texas,75080,,
,,,Enable Midstream Partners,"211 N Robinson Ave., Suite 15",Oklahoma City,Oklahoma,73102,,
,,,Hubbell,40 Waterview Dr.,Shelton,Connecticut,6484,,
,,,Unisys,801 Lakeview Dr.,Blue Bell,Pennsylvania,19422,,
,,,Alliant Energy,4902 N. Biltmore Lane,Madison,Wisconsin,53718,,
,,,Health Care REIT,4500 Dorr St.,Toledo,Ohio,43615,,
,,,Moody's,250 Greenwich St.,New York,New York,10007,,
,,,C.R. Bard,730 Central Ave.,Murray Hill,New Jersey,7974,,
,,,Urban Outfitters,5000 S. Broad St.,Philadelphia,Pennsylvania,19112,,
,,,Church & Dwight,500 Charles Ewing Blvd.,Ewing,New Jersey,8628,,
,,,American Eagle Outfitters,77 Hot Metal St.,Pittsburgh,Pennsylvania,15203,,
,,,Oaktree Capital Group,333 S. Grand Ave.,Los Angeles,California,90071,,
,,,Regal Beloit,200 State St.,Beloit,Wisconsin,53511,,
,,,Men's Wearhouse,6380 Rogerdale Rd.,Houston,Texas,77072,,
,,,Cooper-Standard Holdings,39550 Orchard Hill Place Dr.,Novi,Michigan,48375,,
,,,W.R. Grace,7500 Grace Dr.,Columbia,Maryland,21044,,
,,,Ulta Salon Cosmetics & Fragranc,1000 Remington Blvd.,Bolingbrook,Illinois,60440,,
,,,Hawaiian Electric Industries,1001 Bishop St.,Honolulu,Hawaii,96813,,
,,,SkyWest,444 S. River Rd.,St. George,Utah,84790,,
,,,Green Plains,450 Regency Pkwy.,Omaha,Nebraska,68114,,
,,,LVB Acquisition,56 E. Bell Dr.,Warsaw,Indiana,46582,,
,,,NBTY,2100 Smithtown Ave.,Ronkonkoma,New York,11779,,
,,,Carlisle,11605 N. Community House Rd.,Charlotte,North Carolina,28277,,
,,,United Refining,15 Bradley St.,Warren,Pennsylvania,16365,,
,,,Tesla Motors,3500 Deer Creek Rd.,Palo Alto,California,94304,,
,,,Groupon,600 W. Chicago Ave.,Chicago,Illinois,60654,,
,,,Landstar System,13410 Sutton Park Dr. S.,Jacksonville,Florida,32224,,
,,,Patterson-UTI Energy,450 Gears Rd.,Houston,Texas,77067,,
,,,EP Energy,1001 Louisiana St.,Houston,Texas,77002,,
,,,ON Semiconductor,5005 E. McDowell Rd.,Phoenix,Arizona,85008,,
,,,Rent-A-Center,5501 Headquarters Dr.,Plano,Texas,75024,,
,,,SunGard Data Systems,680 E. Swedesford Rd.,Wayne,Pennsylvania,19087,,
,,,Citrix Systems,851 W. Cypress Creek Rd.,Fort Lauderdale,Florida,33309,,
,,,Amkor Technology,1900 S. Price Rd.,Chandler,Arizona,85286,,
,,,TD Ameritrade Holding,200 S. 108th Ave.,Omaha,Nebraska,68154,,
,,,Worthington Industries,200 Old Wilson Bridge Rd.,Columbus,Ohio,43085,,
,,,Valmont Industries,1 Valmont Plaza,Omaha,Nebraska,68154,,
,,,Iron Mountain,1 Federal St.,Boston,Massachusetts,2110,,
,,,Puget Energy,10885 N.E. 4th St.,Bellevue,Washington,98004,,
,,,CME Group,20 S. Wacker Dr.,Chicago,Illinois,60606,,
,,,IAC/InterActiveCorp,555 W. 18th St.,New York,New York,10011,,
,,,Par Petroleum,"800 Gessner Rd., Suite 875",Houston,Texas,77023,,
,,,Taylor Morrison Home,4900 N. Scottsdale Rd.,Scottsdale,Arizona,85251,,
,,,Chiquita Brands International,550 S. Caldwell St.,Charlotte,North Carolina,28202,,
,,,International Flavors & Fragran,521 W. 57th St.,New York,New York,10019,,
,,,Whiting Petroleum,1700 Broadway,Denver,Colorado,80290,,
,,,Under Armour,1020 Hull St.,Baltimore,Maryland,21230,,
,,,Ventas,353 N. Clark St.,Chicago,Illinois,60654,,
,,,NuStar Energy,19003 IH-10 W.,San Antonio,Texas,78257,,
,,,Select Medical Holdings,4714 Gettysburg Rd.,Mechanicsburg,Pennsylvania,17055,,
,,,Diebold,5995 Mayfair Rd.,North Canton,Ohio,44720,,
,,,American National Insurance,1 Moody Plaza,Galveston,Texas,77550,,
,,,Varian Medical Systems,3100 Hansen Way,Palo Alto,California,94304,,
,,,Apollo Education Group,4025 S. Riverpoint Pkwy.,Phoenix,Arizona,85040,,
,,,Westinghouse Air Brake Technolo,1001 Air Brake Ave.,Wilmerding,Pennsylvania,15148,,
,,,SunPower,77 Rio Robles,San Jose,California,95134,,
,,,Warner Music Group,75 Rockefeller Plaza,New York,New York,10019,,
,,,American Water Works,1025 Laurel Oak Rd.,Voorhees,New Jersey,8043,,
,,,H&R Block,1 H&R Block Way,Kansas City,Missouri,64105,,
,,,Mercury General,4484 Wilshire Blvd.,Los Angeles,California,90010,,
,,,TECO Energy,702 N. Franklin St.,Tampa,Florida,33602,,
,,,Service Corp. International,1929 Allen Pkwy.,Houston,Texas,77019,,
,,,Vulcan Materials,1200 Urban Center Dr.,Birmingham,Alabama,35242,,
,,,Brown-Forman,850 Dixie Hwy.,Louisville,Kentucky,40210,,
,,,Regal Entertainment Group,7132 Regal Lane,Knoxville,Tennessee,37918,,
,,,Tempur Sealy International,1000 Tempur Way,Lexington,Kentucky,40511,,
,,,Steelcase,901 44th St. S.E.,Grand Rapids,Michigan,49508,,
,,,MWI Veterinary Supply,3041 W. Pasadena Dr.,Boise,Idaho,83705,,
,,,RadioShack,300 RadioShack Circle,Fort Worth,Texas,76102,,
,,,Sprouts Farmers Market,11811 N. Tatum Blvd.,Phoenix,Arizona,85028,,
,,,Sabre,3150 Sabre Dr.,Southlake,Texas,76092,,
,,,Martin Marietta Materials,2710 Wycliff Rd.,Raleigh,North Carolina,27607,,
,,,Huntington Bancshares,41 S. High St.,Columbus,Ohio,43287,,
,,,Alere,51 Sawyer Rd.,Waltham,Massachusetts,2453,,
,,,TreeHouse Foods,2021 Spring Rd.,Oak Brook,Illinois,60523,,
,,,Arch Coal,1 CityPlace Dr.,St. Louis,Missouri,63141,,
,,,KLA-Tencor,1 Technology Dr.,Milpitas,California,95035,,
,,,Crane,100 First Stamford Place,Stamford,Connecticut,6902,,
,,,Iasis Healthcare,117 Seaboard Lane,Franklin,Tennessee,37067,,
,,,BWX Technologies,13024 Ballantyne Corporate Pl,Charlotte,North Carolina,28277,,
,,,Dentsply International,221 W. Philadelphia St.,York,Pennsylvania,17401,,
,,,Tribune Media,435 N. Michigan Ave.,Chicago,Illinois,60611,,
,,,ScanSource,6 Logue Court,Greenville,South Carolina,29615,,
,,,Univision Communications,605 Third Ave.,New York,New York,10158,,
,,,Brinker International,6820 L.B.J. Freeway,Dallas,Texas,75240,,
,,,Exterran Holdings,16666 Northchase Dr.,Houston,Texas,77060,,
,,,Carter's,3438 Peachtree Rd. N.E.,Atlanta,Georgia,30326,,
,,,Analog Devices,1 Technology Way,Norwood,Massachusetts,2062,,
,,,Genesco,1415 Murfreesboro Rd.,Nashville,Tennessee,37217,,
,,,Scotts Miracle-Gro,14111 Scottslawn Rd.,Marysville,Ohio,43041,,
,,,Convergys,201 E. Fourth St.,Cincinnati,Ohio,45202,,
,,,Exide Technologies,13000 Deerfield Pkwy.,Milton,Georgia,30004,,
,,,WABCO Holdings,1 Centennial Ave.,Piscataway,New Jersey,8854,,
,,,Kennametal,1600 Technology Way,Latrobe,Pennsylvania,15650,,
,,,Amerco,1325 Airmotive Way,Reno,Nevada,89502,,
,,,Bon-Ton Stores,2801 E. Market St.,York,Pennsylvania,17402,,
,,,Team Health Holdings,265 Brookview Centre Way,Knoxville,Tennessee,37919,,
,,,Regeneron Pharmaceuticals,777 Old Saw Mill River Rd.,Tarrytown,New York,10591,,
,,,Springleaf Holdings,601 N.W. Second St.,Evansville,Indiana,47708,,
,,,Lincoln Electric Holdings,22801 St. Clair Ave.,Cleveland,Ohio,44117,,
,,,Dresser-Rand Group,10205 Westheimer Rd.,Houston,Texas,77042,,
,,,West,11808 Miracle Hills Dr.,Omaha,Nebraska,68154,,
,,,Benchmark Electronics,3000 Technology Dr.,Angleton,Texas,77515,,
,,,Pall,25 Harbor Park Dr.,Port Washington,New York,11050,,
,,,Old Dominion Freight Line,500 Old Dominion Way,Thomasville,North Carolina,27360,,
,,,MSC Industrial Direct,75 Maxess Rd.,Melville,New York,11747,,
,,,Sentry Insurance Group,1800 N. Point Dr.,Stevens Point,Wisconsin,54481,,
,,,Sigma-Aldrich,3050 Spruce St.,St. Louis,Missouri,63103,,
,,,WGL Holdings,101 Constitution Ave. N.W.,Washington,District of Columbia,20080,,
,,,Weis Markets,1000 S. Second St.,Sunbury,Pennsylvania,17801,,
,,,Sanderson Farms,127 Flynt Rd.,Laurel,Mississippi,39443,,
,,,StanCorp Financial Group,1100 S.W. Sixth Ave.,Portland,Oregon,97204,,
,,,Hyster-Yale Materials Handling,5875 Landerbrook Dr.,Cleveland,Ohio,44124,,
,,,Wolverine World Wide,9341 Cortland Dr. N.E.,Rockford,Michigan,49351,,
,,,DST Systems,333 W. 11th St.,Kansas City,Missouri,64105,,
,,,Legg Mason,100 International Dr.,Baltimore,Maryland,21202,,
,,,Teradata,10000 Innovation Dr.,Dayton,Ohio,45342,,
,,,Aaron's,309 E. Paces Ferry Rd. N.E.,Atlanta,Georgia,30305,,
,,,Antero Resources,1615 Wynkoop Street,Denver,Colorado,80202,,
,,,Metaldyne Performance Group,47659 Halyard Drive,Plymouth,Michigan,48170,,
,,,Range Resources,"100 Throckmorton Street, Ste",Fort Worth,Texas,76102,,
,,,Vornado Realty Trust,888 Seventh Ave.,New York,New York,10019,,
,,,Boyd Gaming,3883 Howard Hughes Pkwy.,Las Vegas,Nevada,89169,,
,,,Covance,210 Carnegie Center,Princeton,New Jersey,8540,,
,,,Armstrong World Industries,2500 Columbia Ave.,Lancaster,Pennsylvania,17603,,
,,,Cracker Barrel Old Country Stor,305 Hartmann Dr.,Lebanon,Tennessee,37087,,
,,,Chico's FAS,11215 Metro Pkwy.,Fort Myers,Florida,33966,,
,,,Scripps Networks Interactive,9721 Sherrill Blvd.,Knoxville,Tennessee,37932,,
,,,Universal Forest Products,2801 E. Beltline N.E.,Grand Rapids,Michigan,49525,,
,,,Concho Resources,600 W. Illinois Ave.,Midland,Texas,79701,,
,,,ITT,1133 Westchester Ave.,White Plains,New York,10604,,
,,,HCC Insurance Holdings,13403 Northwest Freeway,Houston,Texas,77040,,
,,,Moog,Jamison Rd.,East Aurora,New York,14052,,
,,,IMS Health Holdings,83 Wooster Heights Rd.,Danbury,Connecticut,6810,,
,,,Cinemark Holdings,3900 Dallas Pkwy.,Plano,Texas,75093,,
,,,Comerica,1717 Main St.,Dallas,Texas,75201,,
,,,Equity Residential,2 N. Riverside Plaza,Chicago,Illinois,60606,,
,,,Ryland Group,3011 Townsgate Rd.,Westlake Village,California,91361,,
,,,GNC Holdings,300 Sixth Ave.,Pittsburgh,Pennsylvania,15222,,
,,,ArcBest,3801 Old Greenwood Rd.,Fort Smith,Arkansas,72903,,
,,,Vectren,1 Vectren Sq.,Evansville,Indiana,47708,,
,,,Curtiss-Wright,13925 Ballantyne Corporate Pl,Charlotte,North Carolina,28277,,
,,,Tupperware Brands,14901 S. Orange Blossom Trail,Orlando,Florida,32837,,
,,,Westar Energy,818 S. Kansas Ave.,Topeka,Kansas,66612,,
,,,Albemarle,451 Florida St.,Baton Rouge,Louisiana,70801,,
,,,AptarGroup,475 W. Terra Cotta Ave.,Crystal Lake,Illinois,60014,,
,,,Pinnacle Foods,399 Jefferson Rd.,Parsippany,New Jersey,7054,,
,,,Penn National Gaming,825 Berkshire Blvd.,Wyomissing,Pennsylvania,19610,,
,,,J.Crew Group,770 Broadway,New York,New York,10003,,
,,,Vantiv,8500 Governor's Hill Dr.,Symmes Township,Ohio,45249,,
,,,Kansas City Southern,427 W. 12th St.,Kansas City,Missouri,64105,,
,,,Caleres,8300 Maryland Ave.,St. Louis,Missouri,63105,,
,,,Nu Skin Enterprises,75 W. Center St.,Provo,Utah,84601,,
,,,Great Plains Energy,1200 Main St.,Kansas City,Missouri,64105,,
,,,Kirby,55 Waugh Dr.,Houston,Texas,77007,,
,,,General Growth Properties,110 N. Wacker Dr.,Chicago,Illinois,60606,,
,,,Broadridge Financial Solutions,1981 Marcus Ave.,Lake Success,New York,11042,,
,,,Stericycle,28161 N. Keith Dr.,Lake Forest,Illinois,60045,,
,,,Global Payments,10 Glenlake Pkwy.,Atlanta,Georgia,30328,,
,,,Nortek,50 Kennedy Plaza,Providence,Rhode Island,2903,,
,,,Schnitzer Steel Industries,299 S.W. Clay St..,Portland,Oregon,97201,,
,,,Universal,9201 Forest Hill Ave.,Richmond,Virginia,23235,,
,,,ANN,7 Times Sq.,New York,New York,10036,,
,,,Hologic,35 Crosby Dr.,Bedford,Massachusetts,1730,,
,,,Panera Bread,3630 S. Geyer Rd.,St. Louis,Missouri,63127,,
,,,AOL,770 Broadway,New York,New York,10003,,
,,,SM Energy,1775 Sherman St.,Denver,Colorado,80203,,
,,,Paychex,911 Panorama Trail S.,Rochester,New York,14625,,
,,,PriceSmart,9740 Scranton Rd.,San Diego,California,92121,,
,,,Autodesk,111 McInnis Pkwy.,San Rafael,California,94903,,
,,,Affiliated Managers Group,600 Hale St.,Prides Crossing,Massachusetts,1965,,
,,,Tops Holding,6363 Main St.,Williamsville,New York,14221,,
,,,Dynegy,"601 Travis Street, Ste 1400",Houston,Texas,77002,,
,,,DSW,810 DSW Dr.,Columbus,Ohio,43219,,
,,,Vishay Intertechnology,63 Lancaster Ave.,Malvern,Pennsylvania,19355,,
,,,Mettler-Toledo International,1900 Polaris Pkwy.,Columbus,Ohio,43240,,
,,,SunEdison,501 Pearl Dr.,St. Peters,Missouri,63376,,
,,,Tetra Tech,3475 E. Foothill Blvd.,Pasadena,California,91107,,
,,,Momentive Performance Materials,260 Hudson River Rd.,Waterford,New York,12188,,
,,,EnerSys,2366 Bernville Rd.,Reading,Pennsylvania,19605,,
,,,Donaldson,1400 W. 94th St.,Minneapolis,Minnesota,55431,,
,,,EQT,625 Liberty Ave.,Pittsburgh,Pennsylvania,15222,,
,,,Monster Beverage,1 Monster Way,Corona,California,92879,,
,,,PC Connection,730 Milford Rd.,Merrimack,New Hampshire,3054,,
,,,Total System Services,1 TSYS Way,Columbus,Georgia,31901,,
,,,ServiceMaster Global Holdings,860 Ridge Lake Blvd.,Memphis,Tennessee,38120,,
,,,Medical Mutual of Ohio,2060 E. Ninth St.,Cleveland,Ohio,44115,,
,,,Applied Industrial Technologies,1 Applied Plaza,Cleveland,Ohio,44115,,
,,,Maxim Integrated Products,160 Rio Robles,San Jose,California,95134,,
,,,OGE Energy,321 N. Harvey Ave.,Oklahoma City,Oklahoma,73102,,
,,,A. Schulman,3637 Ridgewood Rd.,Fairlawn,Ohio,44333,,
,,,Equinix,1 Lagoon Dr.,Redwood City,California,94065,,
,,,Mednax,1301 Concord Terrace,Sunrise,Florida,33323,,
,,,Equifax,1550 Peachtree St. N.W.,Atlanta,Georgia,30309,,
,,,Standard Pacific,15360 Barranca Pkwy.,Irvine,California,92618,,
,,,Denbury Resources,5320 Legacy Dr.,Plano,Texas,75024,,
,,,Cimarex Energy,1700 Lincoln St.,Denver,Colorado,80203,,
,,,Mutual of America Life Insuranc,320 Park Ave.,New York,New York,10022,,
,,,Guess,1444 S. Alameda St.,Los Angeles,California,90021,,
,,,Post Holdings,2503 S. Hanley Road,St. Louis,Missouri,63144,,
,,,HealthSouth,3660 Grandview Pkwy.,Birmingham,Alabama,35243,,
,,,Ferrellgas Partners,7500 College Blvd.,Overland Park,Kansas,66210,,
,,,KB Home,10990 Wilshire Blvd.,Los Angeles,California,90024,,
,,,Boston Properties,800 Boylston St.,Boston,Massachusetts,2199,,
,,,Trimble Navigation,935 Stewart Dr.,Sunnyvale,California,94085,,
,,,Teledyne Technologies,1049 Camino Dos Rios,Thousand Oaks,California,91360,,
,,,Acuity Brands,1170 Peachtree St. N.E.,Atlanta,Georgia,30309,,
,,,Skechers U.S.A.,228 Manhattan Beach Blvd #200,Manhattan Beach,California,90266,,
,,,Xilinx,2100 Logic Dr.,San Jose,California,95124,,
,,,Plexus,1 Plexus Way,Neenah,Wisconsin,54956,,
,,,Newfield Exploration,4 Waterway Square Place,The Woodlands,Texas,77380,,
,,,TransDigm Group,1301 E. Ninth St.,Cleveland,Ohio,44114,,
,,,Kar Auction Services,13085 Hamilton Crossing Blvd.,Carmel,Indiana,46032,,
,,,Mueller Industries,8285 Tournament Dr.,Memphis,Tennessee,38125,,
,,,Zions Bancorp.,1 S. Main St.,Salt Lake City,Utah,84133,,
,,,Insperity,19001 Crescent Springs Dr.,Kingwood,Texas,77339,,
,,,XPO Logistics,Five Greenwich Office Park,Greenwhich,Connecticut,6831,,
,,,Sears Hometown & Outlet Stores,5500 Trillium Blvd.,Hoffman Estates,Illinois,60192,,
,,,A.O. Smith,11270 W. Park Pl.,Milwaukee,Wisconsin,53224,,
,,,Alliance One International,8001 Aerial Center Pkwy.,Morrisville,North Carolina,27560,,
,,,Take-Two Interactive Software,622 Broadway,New York,New York,10012,,
,,,hhgregg,4151 E. 96th St.,Indianapolis,Indiana,46240,,
,,,RPC,"2801 Buford Hwy, Suite 520",Atlanta,Georgia,30329,,
,,,NewMarket,330 S. Fourth St.,Richmond,Virginia,23219,,
,,,Beacon Roofing Supply,505 Huntmar Park Dr.,Herndon,Virginia,20170,,
,,,Edwards Lifesciences,1 Edwards Way,Irvine,California,92614,,
,,,Triple-S Management,1441 F.D. Roosevelt Ave.,San Juan,Puerto Rico,920,,
,,,Hawaiian Holdings,3375 Koapaka St.,Honolulu,Hawaii,96819,,
,,,Heartland Payment Systems,90 Nassau St.,Princeton,New Jersey,8542,,
,,,Belden,1 N. Brentwood Blvd.,St. Louis,Missouri,63105,,
,,,Magellan Midstream Partners,1 Williams Center,Tulsa,Oklahoma,74172,,
,,,Outerwall,1800 114th Ave. S.E.,Bellevue,Washington,98004,,
,,,KapStone Paper & Packaging,"1101 Skokie Blvd, Suite 300",Northbrook,Illinois,60062,,
,,,Alliance Holdings,1717 S. Boulder Ave.,Tulsa,Oklahoma,74119,,
,,,Skyworks Solutions,20 Sylvan Rd,Woburn,Massachusetts,1801,,
,,,Ciena,7035 Ridge Rd.,Hanover,Maryland,21076,,
,,,Granite Construction,585 W. Beach St.,Watsonville,California,95076,,
,,,Education Management,210 Sixth Ave.,Pittsburgh,Pennsylvania,15222,,
,,,Party City Holdings,80 Grasslands Rd.,Elmsford,New York,10523,,
,,,HCP,3760 Kilroy Airport Way,Long Beach,California,90806,,
,,,Parexel International,195 West St.,Waltham,Massachusetts,2451,,
,,,Delta Tucker Holdings,1700 Old Meadow Rd.,McLean,Virginia,22102,,
,,,Pinnacle Entertainment,3980 Howard Hughes Parkway,Las Vegas,Nevada,89169,,
,,,Stifel Financial,501 N. Broadway,St. Louis,Missouri,63102,,
,,,Pool,109 Northpark Blvd.,Covington,Louisiana,70433,,
,,,Olin,190 Carondelet Plaza,Clayton,Missouri,63105,,
,,,Knights of Columbus,1 Columbus Plaza,New Haven,Connecticut,6510,,
,,,PerkinElmer,940 Winter St.,Waltham,Massachusetts,2451,,
,,,Alexion Pharmaceuticals,352 Knotter Drive,Cheshire,Connecticut,6410,,
,,,IHS,321 Inverness Drive South,Englewood,Colorado,80112,,
,,,Oil States International,333 Clay St.,Houston,Texas,77002,,
,,,HNI,408 E. Second St.,Muscatine,Iowa,52761,,
,,,LinkedIn,2029 Stierlin Ct. Ste. 200,Mountain View,California,94043,,
,,,Diplomat Pharmacy,"4100 S. Saginaw St., Suite D",Flint,Michigan,48507,,
,,,Brocade Communications Systems,130 Holger Way,San Jose,California,95134,,
,,,Greenbrier Cos.,"One Centerpointe Drive, Suite",Lake Oswego,Oregon,97035,,
,,,AMC Networks,11 Penn Plaza,New York,New York,10001,,
,,,Kemper,1 E. Wacker Dr.,Chicago,Illinois,60601,,
,,,Ocwen Financial,2002 Summit Blvd.,Atlanta,Georgia,30319,,
,,,Public Storage,701 Western Ave.,Glendale,California,91201,,
,,,TriNet Group,1100 San Leandro Blvd. Ste 40,San Leandro,California,94577,,
,,,Chemtura,1818 Market St.,Philadelphia,Pennsylvania,19103,,
,,,Symetra Financial,777 108th Ave. N.E.,Bellevue,Washington,98004,,
,,,Tower International,17672 Laurel Park Dr. N.,Livonia,Michigan,48152,,
,,,Meritage Homes,"8800 East Raintree, Ste 300",Scottsdale,Arizona,85260,,
,,,MarkWest Energy Partners,"1515 Arapahoe Street, Tower 1",Denver,Colorado,80202,,
,,,Bio-Rad Laboratories,1000 Alfred Nobel Dr.,Hercules,California,94547,,
,,,TrueBlue,1015 A Street,Tacoma,Washington,98401,,
,,,Cabot Oil & Gas,840 Gessner Road,Houston,Texas,77024,,
,,,Carpenter Technology,2 Meridian Blvd.,Wyomissing,Pennsylvania,19610,,
,,,Toro,8111 Lyndale Ave. S.,Bloomington,Minnesota,55420,,
,,,American Equity Investment Life,6000 Westown Pkwy.,West Des Moines,Iowa,50266,,
,,,Express,1 Express Dr.,Columbus,Ohio,43230,,
,,,Eastman Kodak,343 State St.,Rochester,New York,14650,,
,,,Hain Celestial Group,1111 Marcus Avenue,Lake Success,New York,11042,,
,,,Nationstar Mortgage Holdings,8950 Cypress Waters Boulevard,Coppell,Texas,75019,,
,,,IDEX,1925 W. Field Court,Lake Forest,Illinois,60045,,
,,,Popular,209 Mu?_____oz Rivera Ave.,Hato Rey,Puerto Rico,918,,
,,,Werner Enterprises,14507 Frontier Rd.,Omaha,Nebraska,68138,,
,,,Esterline Technologies,500 108th Ave. N.E.,Bellevue,Washington,98004,,
,,,Intuitive Surgical,1020 Kifer Rd.,Sunnyvale,California,94086,,
,,,Allison Transmission Holdings,1 Allison Way,Indianaoplis,Indiana,46222,,
,,,SemGroup,6120 S. Yale Avenue,Tulsa,Oklahoma,74136,,
,,,Southwest Gas,5241 Spring Mountain Rd.,Las Vegas,Nevada,89150,,
,,,G-III Apparel Group,512 7th Avenue,New York,New York,10018,,
,,,National Fuel Gas,6363 Main Street,Williamsville,New York,14221,,
,,,H.B. Fuller,1200 Willow Lake Blvd.,St. Paul,Minnesota,55110,,
,,,Penn Mutual Life Insurance,600 Dresher Road,Horsham,Pennsylvania,19044,,
,,,RCS Capital,"405 Park Ave, 14th Floor",New York,New York,10022,,
,,,Columbia Sportswear,14375 NW Science Park Drive,Portland,Oregon,97229,,
,,,Amica Mutual Insurance,100 Amica Way,Lincoln,Rhode Island,2865,,
,,,Primoris Services,2100 McKinney Ave.,Dallas,Texas,75201,,
,,,Energen,"605 Richard Arrington, Jr. Bl",Birmingham,Alabama,35203,,
,,,Rexnord,4701 W. Greenfield Ave.,Milwaukee,Wisconsin,53214,,
,,,Seventy Seven Energy,777 NW 63rd St.,Oklahoma City,Kansas,73116,,
,,,Waste Connections,3 Waterway Square Place,The Woodlands,Texas,77380,,
,,,"Pep Boys-Manny, Moe & Jack",3111 W. Allegheny Ave.,Philadelphia,Pennsylvania,19132,,
,,,Harsco,350 Poplar Church Rd.,Camp Hill,Pennsylvania,17011,,
,,,Hovnanian Enterprises,110 West Front Street,Red Bank,New Jersey,7701,,
,,,Willbros Group,4400 Post Oak Pkwy.,Houston,Texas,77027,,
,,,Wendy's,1 Dave Thomas Blvd.,Dublin,Ohio,43017,,
,,,International Game Technology,6355 S. Buffalo Dr.,Las Vegas,Nevada,89113,,
,,,Synopsys,700 E. Middlefield Rd.,Mountain View,California,94043,,
,,,Universal American,44 S. Broadway,White Plains,New York,10601,,
,,,AAR,1100 N. Wood Dale Rd.,Wood Dale,Illinois,60191,,
,,,Selective Insurance Group,40 Wantage Ave.,Branchville,New Jersey,7890,,
,,,Gartner,56 Top Gallant Road,Stamford,Connecticut,6902,,
,,,E*Trade Financial,1271 Ave. of the Americas,New York,New York,10020,,
